id,nombres,apellidos,direccion,correo_electronico,dni,edad,fecha_creacion,telefono,genero
1,Bella,Navarro Lopez,Thompson Justo 4868,bkondratenko0@plala.or.jp,4678424385,33,2023-11-06,853-993-6890,Femenino
2,Tyn,McGooch McKinnell,Parque Forster 00853,emckinnell1@miibeian.gov.cn,0773437681,22,2023-05-18,713-018-8379,Femenino
3,Marie ,Seamark Widdall,Calle Darwin 016,bwiddall2@independent.co.uk,2675023701,60,2023-12-24,825-627-8750,Femenino
4,Budd,Duckhouse Sheils,Lyons Trail 61,bosheils3@mysql.com,9672884990,41,2023-03-10,121-770-3690,Masculino
5,Carmela,Deamer Mortel,Hidalgo 469,cmortel4@home.pl,0904050831,80,2023-07-30,832-621-8719,Femenino
6,Laurice,Jacks Bockh,Calle Dayton 95910,hbockh5@hostgator.com,3255572290,66,2023-10-06,371-806-3586,Femenino
7,Bernardina,Guidera Longforth,Plaza Norte 86800,hlongforth6@eepurl.com,3964190896,76,2023-03-26,536-591-4966,Femenino
8,Quinn,Salvin Scurfield,Calle Trail 40397,kscurfield7@answers.com,4963884690,20,2023-06-19,492-038-6083,Masculino
9,Johnny,Ida Leachman,Boulervard Pass 515,wleachman8@noaa.gov,2587584973,61,2023-07-18,982-481-4596,Masculino
10,Kali,Hathaway Coffee,Calle Doe 623,rcoffee9@wufoo.com,7455112505,75,2023-12-23,800-667-1785,Femenino